DAGID,DESCRIPTION,IS_PAUSED,TAGS
astronomer_monitoring_dag,A Monitoring DAG used by Astronomer to alert users via Control Plane when tasks aren't executing,False,monitoring
dag_1,,True,Utility Testing
dag_10,,True,Utility Testing
dag_100,,True,Utility Testing
dag_101,,True,Utility Testing
dag_102,,True,Utility Testing
dag_103,,True,Utility Testing
dag_104,,True,Utility Testing
dag_105,,True,Utility Testing
dag_106,,True,Utility Testing
dag_107,,True,Utility Testing
dag_108,,True,Utility Testing
dag_109,,True,Utility Testing
dag_11,,True,Utility Testing
dag_110,,True,Utility Testing
dag_111,,True,Utility Testing
dag_112,,True,Utility Testing
dag_113,,True,Utility Testing
dag_114,,True,Utility Testing
dag_115,,True,Utility Testing
dag_116,,True,Utility Testing
dag_117,,True,Utility Testing
dag_118,,True,Utility Testing
dag_119,,True,Utility Testing
dag_12,,True,Utility Testing
dag_120,,True,Utility Testing
dag_121,,True,Utility Testing
dag_122,,True,Utility Testing
dag_123,,True,Utility Testing
dag_124,,True,Utility Testing
dag_125,,True,Utility Testing
dag_126,,True,Utility Testing
dag_127,,True,Utility Testing
dag_128,,True,Utility Testing
dag_129,,True,Utility Testing
dag_13,,True,Utility Testing
dag_130,,True,Utility Testing
dag_131,,True,Utility Testing
dag_132,,True,Utility Testing
dag_133,,True,Utility Testing
dag_134,,True,Utility Testing
dag_135,,True,Utility Testing
dag_136,,True,Utility Testing
dag_137,,True,Utility Testing
dag_138,,True,Utility Testing
dag_139,,True,Utility Testing
dag_14,,True,Utility Testing
dag_140,,True,Utility Testing
dag_141,,True,Utility Testing
dag_142,,True,Utility Testing
dag_143,,True,Utility Testing
dag_144,,True,Utility Testing
dag_145,,True,Utility Testing
dag_146,,True,Utility Testing
dag_147,,True,Utility Testing
dag_148,,True,Utility Testing
dag_149,,True,Utility Testing
dag_15,,True,Utility Testing
dag_150,,True,Utility Testing
dag_151,,True,Utility Testing
dag_152,,True,Utility Testing
dag_153,,True,Utility Testing
dag_154,,True,Utility Testing
dag_155,,True,Utility Testing
dag_156,,True,Utility Testing
dag_157,,True,Utility Testing
dag_158,,True,Utility Testing
dag_159,,True,Utility Testing
dag_16,,True,Utility Testing
dag_160,,True,Utility Testing
dag_161,,True,Utility Testing
dag_162,,True,Utility Testing
dag_163,,True,Utility Testing
dag_164,,True,Utility Testing
dag_165,,True,Utility Testing
dag_166,,True,Utility Testing
dag_167,,True,Utility Testing
dag_168,,True,Utility Testing
dag_169,,True,Utility Testing
dag_17,,True,Utility Testing
dag_170,,True,Utility Testing
dag_171,,True,Utility Testing
dag_172,,True,Utility Testing
dag_173,,True,Utility Testing
dag_174,,True,Utility Testing
dag_175,,True,Utility Testing
dag_176,,True,Utility Testing
dag_177,,True,Utility Testing
dag_178,,True,Utility Testing
dag_179,,True,Utility Testing
dag_18,,True,Utility Testing
dag_180,,True,Utility Testing
dag_181,,True,Utility Testing
dag_182,,True,Utility Testing
dag_183,,True,Utility Testing
dag_184,,True,Utility Testing
dag_185,,True,Utility Testing
dag_186,,True,Utility Testing
dag_187,,True,Utility Testing
dag_188,,True,Utility Testing
dag_189,,True,Utility Testing
dag_19,,True,Utility Testing
dag_190,,True,Utility Testing
dag_191,,True,Utility Testing
dag_192,,True,Utility Testing
dag_193,,True,Utility Testing
dag_194,,True,Utility Testing
dag_195,,True,Utility Testing
dag_196,,True,Utility Testing
dag_197,,True,Utility Testing
dag_198,,True,Utility Testing
dag_199,,True,Utility Testing
dag_2,,True,Utility Testing
dag_20,,True,Utility Testing
dag_200,,True,Utility Testing
dag_201,,True,Utility Testing
dag_202,,True,Utility Testing
dag_203,,True,Utility Testing
dag_204,,True,Utility Testing
dag_205,,True,Utility Testing
dag_206,,True,Utility Testing
dag_207,,True,Utility Testing
dag_208,,True,Utility Testing
dag_209,,True,Utility Testing
dag_21,,True,Utility Testing
dag_210,,True,Utility Testing
dag_211,,True,Utility Testing
dag_212,,True,Utility Testing
dag_213,,True,Utility Testing
dag_214,,True,Utility Testing
dag_215,,True,Utility Testing
dag_216,,True,Utility Testing
dag_217,,True,Utility Testing
dag_218,,True,Utility Testing
dag_219,,True,Utility Testing
dag_22,,True,Utility Testing
dag_220,,True,Utility Testing
dag_221,,True,Utility Testing
dag_222,,True,Utility Testing
dag_223,,True,Utility Testing
dag_224,,True,Utility Testing
dag_225,,True,Utility Testing
dag_226,,True,Utility Testing
dag_227,,True,Utility Testing
dag_228,,True,Utility Testing
dag_229,,True,Utility Testing
dag_23,,True,Utility Testing
dag_230,,True,Utility Testing
dag_231,,True,Utility Testing
dag_232,,True,Utility Testing
dag_233,,True,Utility Testing
dag_234,,True,Utility Testing
dag_235,,True,Utility Testing
dag_236,,True,Utility Testing
dag_237,,True,Utility Testing
dag_238,,True,Utility Testing
dag_239,,True,Utility Testing
dag_24,,True,Utility Testing
dag_240,,True,Utility Testing
dag_241,,True,Utility Testing
dag_242,,True,Utility Testing
dag_243,,True,Utility Testing
dag_244,,True,Utility Testing
dag_245,,True,Utility Testing
dag_246,,True,Utility Testing
dag_247,,True,Utility Testing
dag_248,,True,Utility Testing
dag_249,,True,Utility Testing
dag_25,,True,Utility Testing
dag_250,,True,Utility Testing
dag_251,,True,Utility Testing
dag_252,,True,Utility Testing
dag_253,,True,Utility Testing
dag_254,,True,Utility Testing
dag_255,,True,Utility Testing
dag_256,,True,Utility Testing
dag_257,,True,Utility Testing
dag_258,,True,Utility Testing
dag_259,,True,Utility Testing
dag_26,,True,Utility Testing
dag_260,,True,Utility Testing
dag_261,,True,Utility Testing
dag_262,,True,Utility Testing
dag_263,,True,Utility Testing
dag_264,,True,Utility Testing
dag_265,,True,Utility Testing
dag_266,,True,Utility Testing
dag_267,,True,Utility Testing
dag_268,,True,Utility Testing
dag_269,,True,Utility Testing
dag_27,,True,Utility Testing
dag_270,,True,Utility Testing
dag_271,,True,Utility Testing
dag_272,,True,Utility Testing
dag_273,,True,Utility Testing
dag_274,,True,Utility Testing
dag_275,,True,Utility Testing
dag_276,,True,Utility Testing
dag_277,,True,Utility Testing
dag_278,,True,Utility Testing
dag_279,,True,Utility Testing
dag_28,,True,Utility Testing
dag_280,,True,Utility Testing
dag_281,,True,Utility Testing
dag_282,,True,Utility Testing
dag_283,,True,Utility Testing
dag_284,,True,Utility Testing
dag_285,,True,Utility Testing
dag_286,,True,Utility Testing
dag_287,,True,Utility Testing
dag_288,,True,Utility Testing
dag_289,,True,Utility Testing
dag_29,,True,Utility Testing
dag_290,,True,Utility Testing
dag_291,,True,Utility Testing
dag_292,,True,Utility Testing
dag_293,,True,Utility Testing
dag_294,,True,Utility Testing
dag_295,,True,Utility Testing
dag_296,,True,Utility Testing
dag_297,,True,Utility Testing
dag_298,,True,Utility Testing
dag_299,,True,Utility Testing
dag_3,,True,Utility Testing
dag_30,,True,Utility Testing
dag_300,,True,Utility Testing
dag_301,,True,Utility Testing
dag_302,,True,Utility Testing
dag_303,,True,Utility Testing
dag_304,,True,Utility Testing
dag_305,,True,Utility Testing
dag_306,,True,Utility Testing
dag_307,,True,Utility Testing
dag_308,,True,Utility Testing
dag_309,,True,Utility Testing
dag_31,,True,Utility Testing
dag_310,,True,Utility Testing
dag_311,,True,Utility Testing
dag_312,,True,Utility Testing
dag_313,,True,Utility Testing
dag_314,,True,Utility Testing
dag_315,,True,Utility Testing
dag_316,,True,Utility Testing
dag_317,,True,Utility Testing
dag_318,,True,Utility Testing
dag_319,,True,Utility Testing
dag_32,,True,Utility Testing
dag_320,,True,Utility Testing
dag_321,,True,Utility Testing
dag_322,,True,Utility Testing
dag_323,,True,Utility Testing
dag_324,,True,Utility Testing
dag_325,,True,Utility Testing
dag_326,,True,Utility Testing
dag_327,,True,Utility Testing
dag_328,,True,Utility Testing
dag_329,,True,Utility Testing
dag_33,,True,Utility Testing
dag_330,,True,Utility Testing
dag_331,,True,Utility Testing
dag_332,,True,Utility Testing
dag_333,,True,Utility Testing
dag_334,,True,Utility Testing
dag_335,,True,Utility Testing
dag_336,,True,Utility Testing
dag_337,,True,Utility Testing
dag_338,,True,Utility Testing
dag_339,,True,Utility Testing
dag_34,,True,Utility Testing
dag_340,,True,Utility Testing
dag_341,,True,Utility Testing
dag_342,,True,Utility Testing
dag_343,,True,Utility Testing
dag_344,,True,Utility Testing
dag_345,,True,Utility Testing
dag_346,,True,Utility Testing
dag_347,,True,Utility Testing
dag_348,,True,Utility Testing
dag_349,,True,Utility Testing
dag_35,,True,Utility Testing
dag_350,,True,Utility Testing
dag_351,,True,Utility Testing
dag_352,,True,Utility Testing
dag_353,,True,Utility Testing
dag_354,,True,Utility Testing
dag_355,,True,Utility Testing
dag_356,,True,Utility Testing
dag_357,,True,Utility Testing
dag_358,,True,Utility Testing
dag_359,,True,Utility Testing
dag_36,,True,Utility Testing
dag_360,,True,Utility Testing
dag_361,,True,Utility Testing
dag_362,,True,Utility Testing
dag_363,,True,Utility Testing
dag_364,,True,Utility Testing
dag_365,,True,Utility Testing
dag_366,,True,Utility Testing
dag_367,,True,Utility Testing
dag_368,,True,Utility Testing
dag_369,,True,Utility Testing
dag_37,,True,Utility Testing
dag_370,,True,Utility Testing
dag_371,,True,Utility Testing
dag_372,,True,Utility Testing
dag_373,,True,Utility Testing
dag_374,,True,Utility Testing
dag_375,,True,Utility Testing
dag_376,,True,Utility Testing
dag_377,,True,Utility Testing
dag_378,,True,Utility Testing
dag_379,,True,Utility Testing
dag_38,,True,Utility Testing
dag_380,,True,Utility Testing
dag_381,,True,Utility Testing
dag_382,,True,Utility Testing
dag_383,,True,Utility Testing
dag_384,,True,Utility Testing
dag_385,,True,Utility Testing
dag_386,,True,Utility Testing
dag_387,,True,Utility Testing
dag_388,,True,Utility Testing
dag_389,,True,Utility Testing
dag_39,,True,Utility Testing
dag_390,,True,Utility Testing
dag_391,,True,Utility Testing
dag_392,,True,Utility Testing
dag_393,,True,Utility Testing
dag_394,,True,Utility Testing
dag_395,,True,Utility Testing
dag_396,,True,Utility Testing
dag_397,,True,Utility Testing
dag_398,,True,Utility Testing
dag_399,,True,Utility Testing
dag_4,,True,Utility Testing
dag_40,,True,Utility Testing
dag_400,,True,Utility Testing
dag_401,,True,Utility Testing
dag_402,,True,Utility Testing
dag_403,,True,Utility Testing
dag_404,,True,Utility Testing
dag_405,,True,Utility Testing
dag_406,,True,Utility Testing
dag_407,,True,Utility Testing
dag_408,,True,Utility Testing
dag_409,,True,Utility Testing
dag_41,,True,Utility Testing
dag_410,,True,Utility Testing
dag_411,,True,Utility Testing
dag_412,,True,Utility Testing
dag_413,,True,Utility Testing
dag_414,,True,Utility Testing
dag_415,,True,Utility Testing
dag_416,,True,Utility Testing
dag_417,,True,Utility Testing
dag_418,,True,Utility Testing
dag_419,,True,Utility Testing
dag_42,,True,Utility Testing
dag_420,,True,Utility Testing
dag_421,,True,Utility Testing
dag_422,,True,Utility Testing
dag_423,,True,Utility Testing
dag_424,,True,Utility Testing
dag_425,,True,Utility Testing
dag_426,,True,Utility Testing
dag_427,,True,Utility Testing
dag_428,,True,Utility Testing
dag_429,,True,Utility Testing
dag_43,,True,Utility Testing
dag_430,,True,Utility Testing
dag_431,,True,Utility Testing
dag_432,,True,Utility Testing
dag_433,,True,Utility Testing
dag_434,,True,Utility Testing
dag_435,,True,Utility Testing
dag_436,,True,Utility Testing
dag_437,,True,Utility Testing
dag_438,,True,Utility Testing
dag_439,,True,Utility Testing
dag_44,,True,Utility Testing
dag_440,,True,Utility Testing
dag_441,,True,Utility Testing
dag_442,,True,Utility Testing
dag_443,,True,Utility Testing
dag_444,,True,Utility Testing
dag_445,,True,Utility Testing
dag_446,,True,Utility Testing
dag_447,,True,Utility Testing
dag_448,,True,Utility Testing
dag_449,,True,Utility Testing
dag_45,,True,Utility Testing
dag_450,,True,Utility Testing
dag_451,,True,Utility Testing
dag_452,,True,Utility Testing
dag_453,,True,Utility Testing
dag_454,,True,Utility Testing
dag_455,,True,Utility Testing
dag_456,,True,Utility Testing
dag_457,,True,Utility Testing
dag_458,,True,Utility Testing
dag_459,,True,Utility Testing
dag_46,,True,Utility Testing
dag_460,,True,Utility Testing
dag_461,,True,Utility Testing
dag_462,,True,Utility Testing
dag_463,,True,Utility Testing
dag_464,,True,Utility Testing
dag_465,,True,Utility Testing
dag_466,,True,Utility Testing
dag_467,,True,Utility Testing
dag_468,,True,Utility Testing
dag_469,,True,Utility Testing
dag_47,,True,Utility Testing
dag_470,,True,Utility Testing
dag_471,,True,Utility Testing
dag_472,,True,Utility Testing
dag_473,,True,Utility Testing
dag_474,,True,Utility Testing
dag_475,,True,Utility Testing
dag_476,,True,Utility Testing
dag_477,,True,Utility Testing
dag_478,,True,Utility Testing
dag_479,,True,Utility Testing
dag_48,,True,Utility Testing
dag_480,,True,Utility Testing
dag_481,,True,Utility Testing
dag_482,,True,Utility Testing
dag_483,,True,Utility Testing
dag_484,,True,Utility Testing
dag_485,,True,Utility Testing
dag_486,,True,Utility Testing
dag_487,,True,Utility Testing
dag_488,,True,Utility Testing
dag_489,,True,Utility Testing
dag_49,,True,Utility Testing
dag_490,,True,Utility Testing
dag_491,,True,Utility Testing
dag_492,,True,Utility Testing
dag_493,,True,Utility Testing
dag_494,,True,Utility Testing
dag_495,,True,Utility Testing
dag_496,,True,Utility Testing
dag_497,,True,Utility Testing
dag_498,,True,Utility Testing
dag_499,,True,Utility Testing
dag_5,,True,Utility Testing
dag_50,,True,Utility Testing
dag_500,,True,Utility Testing
dag_501,,True,Utility Testing
dag_502,,True,Utility Testing
dag_503,,True,Utility Testing
dag_504,,True,Utility Testing
dag_505,,True,Utility Testing
dag_506,,True,Utility Testing
dag_507,,True,Utility Testing
dag_508,,True,Utility Testing
dag_509,,True,Utility Testing
dag_51,,True,Utility Testing
dag_510,,True,Utility Testing
dag_511,,True,Utility Testing
dag_512,,True,Utility Testing
dag_513,,True,Utility Testing
dag_514,,True,Utility Testing
dag_515,,True,Utility Testing
dag_516,,True,Utility Testing
dag_517,,True,Utility Testing
dag_518,,True,Utility Testing
dag_519,,True,Utility Testing
dag_52,,True,Utility Testing
dag_520,,True,Utility Testing
dag_521,,True,Utility Testing
dag_522,,True,Utility Testing
dag_523,,True,Utility Testing
dag_524,,True,Utility Testing
dag_525,,True,Utility Testing
dag_526,,True,Utility Testing
dag_527,,True,Utility Testing
dag_528,,True,Utility Testing
dag_529,,True,Utility Testing
dag_53,,True,Utility Testing
dag_530,,True,Utility Testing
dag_531,,True,Utility Testing
dag_532,,True,Utility Testing
dag_533,,True,Utility Testing
dag_534,,True,Utility Testing
dag_535,,True,Utility Testing
dag_536,,True,Utility Testing
dag_537,,True,Utility Testing
dag_538,,True,Utility Testing
dag_539,,True,Utility Testing
dag_54,,True,Utility Testing
dag_540,,True,Utility Testing
dag_541,,True,Utility Testing
dag_542,,True,Utility Testing
dag_543,,True,Utility Testing
dag_544,,True,Utility Testing
dag_545,,True,Utility Testing
dag_546,,True,Utility Testing
dag_547,,True,Utility Testing
dag_548,,True,Utility Testing
dag_549,,True,Utility Testing
dag_55,,True,Utility Testing
dag_550,,True,Utility Testing
dag_551,,True,Utility Testing
dag_552,,True,Utility Testing
dag_553,,True,Utility Testing
dag_554,,True,Utility Testing
dag_555,,True,Utility Testing
dag_556,,True,Utility Testing
dag_557,,True,Utility Testing
dag_558,,True,Utility Testing
dag_559,,True,Utility Testing
dag_56,,True,Utility Testing
dag_560,,True,Utility Testing
dag_561,,True,Utility Testing
dag_562,,True,Utility Testing
dag_563,,True,Utility Testing
dag_564,,True,Utility Testing
dag_565,,True,Utility Testing
dag_566,,True,Utility Testing
dag_567,,True,Utility Testing
dag_568,,True,Utility Testing
dag_569,,True,Utility Testing
dag_57,,True,Utility Testing
dag_570,,True,Utility Testing
dag_571,,True,Utility Testing
dag_572,,True,Utility Testing
dag_573,,True,Utility Testing
dag_574,,True,Utility Testing
dag_575,,True,Utility Testing
dag_576,,True,Utility Testing
dag_577,,True,Utility Testing
dag_578,,True,Utility Testing
dag_579,,True,Utility Testing
dag_58,,True,Utility Testing
dag_580,,True,Utility Testing
dag_581,,True,Utility Testing
dag_582,,True,Utility Testing
dag_583,,True,Utility Testing
dag_584,,True,Utility Testing
dag_585,,True,Utility Testing
dag_586,,True,Utility Testing
dag_587,,True,Utility Testing
dag_588,,True,Utility Testing
dag_589,,True,Utility Testing
dag_59,,True,Utility Testing
dag_590,,True,Utility Testing
dag_591,,True,Utility Testing
dag_592,,True,Utility Testing
dag_593,,True,Utility Testing
dag_594,,True,Utility Testing
dag_595,,True,Utility Testing
dag_596,,True,Utility Testing
dag_597,,True,Utility Testing
dag_598,,True,Utility Testing
dag_599,,True,Utility Testing
dag_6,,True,Utility Testing
dag_60,,True,Utility Testing
dag_600,,True,Utility Testing
dag_601,,True,Utility Testing
dag_602,,True,Utility Testing
dag_603,,True,Utility Testing
dag_604,,True,Utility Testing
dag_605,,True,Utility Testing
dag_606,,True,Utility Testing
dag_607,,True,Utility Testing
dag_608,,True,Utility Testing
dag_609,,True,Utility Testing
dag_61,,True,Utility Testing
dag_610,,True,Utility Testing
dag_611,,True,Utility Testing
dag_612,,True,Utility Testing
dag_613,,True,Utility Testing
dag_614,,True,Utility Testing
dag_615,,True,Utility Testing
dag_616,,True,Utility Testing
dag_617,,True,Utility Testing
dag_618,,True,Utility Testing
dag_619,,True,Utility Testing
dag_62,,True,Utility Testing
dag_620,,True,Utility Testing
dag_621,,True,Utility Testing
dag_622,,True,Utility Testing
dag_623,,True,Utility Testing
dag_624,,True,Utility Testing
dag_625,,True,Utility Testing
dag_626,,True,Utility Testing
dag_627,,True,Utility Testing
dag_628,,True,Utility Testing
dag_629,,True,Utility Testing
dag_63,,True,Utility Testing
dag_630,,True,Utility Testing
dag_631,,True,Utility Testing
dag_632,,True,Utility Testing
dag_633,,True,Utility Testing
dag_634,,True,Utility Testing
dag_635,,True,Utility Testing
dag_636,,True,Utility Testing
dag_637,,True,Utility Testing
dag_638,,True,Utility Testing
dag_639,,True,Utility Testing
dag_64,,True,Utility Testing
dag_640,,True,Utility Testing
dag_641,,True,Utility Testing
dag_642,,True,Utility Testing
dag_643,,True,Utility Testing
dag_644,,True,Utility Testing
dag_645,,True,Utility Testing
dag_646,,True,Utility Testing
dag_647,,True,Utility Testing
dag_648,,True,Utility Testing
dag_649,,True,Utility Testing
dag_65,,True,Utility Testing
dag_650,,True,Utility Testing
dag_651,,True,Utility Testing
dag_652,,True,Utility Testing
dag_653,,True,Utility Testing
dag_654,,True,Utility Testing
dag_655,,True,Utility Testing
dag_656,,True,Utility Testing
dag_657,,True,Utility Testing
dag_658,,True,Utility Testing
dag_659,,True,Utility Testing
dag_66,,True,Utility Testing
dag_660,,True,Utility Testing
dag_661,,True,Utility Testing
dag_662,,True,Utility Testing
dag_663,,True,Utility Testing
dag_664,,True,Utility Testing
dag_665,,True,Utility Testing
dag_666,,True,Utility Testing
dag_667,,True,Utility Testing
dag_668,,True,Utility Testing
dag_669,,True,Utility Testing
dag_67,,True,Utility Testing
dag_670,,True,Utility Testing
dag_671,,True,Utility Testing
dag_672,,True,Utility Testing
dag_673,,True,Utility Testing
dag_674,,True,Utility Testing
dag_675,,True,Utility Testing
dag_676,,True,Utility Testing
dag_677,,True,Utility Testing
dag_678,,True,Utility Testing
dag_679,,True,Utility Testing
dag_68,,True,Utility Testing
dag_680,,True,Utility Testing
dag_681,,True,Utility Testing
dag_682,,True,Utility Testing
dag_683,,True,Utility Testing
dag_684,,True,Utility Testing
dag_685,,True,Utility Testing
dag_686,,True,Utility Testing
dag_687,,True,Utility Testing
dag_688,,True,Utility Testing
dag_689,,True,Utility Testing
dag_69,,True,Utility Testing
dag_690,,True,Utility Testing
dag_691,,True,Utility Testing
dag_692,,True,Utility Testing
dag_693,,True,Utility Testing
dag_694,,True,Utility Testing
dag_695,,True,Utility Testing
dag_696,,True,Utility Testing
dag_697,,True,Utility Testing
dag_698,,True,Utility Testing
dag_699,,True,Utility Testing
dag_7,,True,Utility Testing
dag_70,,True,Utility Testing
dag_700,,True,Utility Testing
dag_71,,True,Utility Testing
dag_72,,True,Utility Testing
dag_73,,True,Utility Testing
dag_74,,True,Utility Testing
dag_75,,True,Utility Testing
dag_76,,True,Utility Testing
dag_77,,True,Utility Testing
dag_78,,True,Utility Testing
dag_79,,True,Utility Testing
dag_8,,True,Utility Testing
dag_80,,True,Utility Testing
dag_81,,True,Utility Testing
dag_82,,True,Utility Testing
dag_83,,True,Utility Testing
dag_84,,True,Utility Testing
dag_85,,True,Utility Testing
dag_86,,True,Utility Testing
dag_87,,True,Utility Testing
dag_88,,True,Utility Testing
dag_89,,True,Utility Testing
dag_9,,True,Utility Testing
dag_90,,True,Utility Testing
dag_91,,True,Utility Testing
dag_92,,True,Utility Testing
dag_93,,True,Utility Testing
dag_94,,True,Utility Testing
dag_95,,True,Utility Testing
dag_96,,True,Utility Testing
dag_97,,True,Utility Testing
dag_98,,True,Utility Testing
dag_99,,True,Utility Testing
dagid_1,,True,
